{"name": "AIDA Hydro Dynamic 2020", "url": "https://events.aidainternational.org/EventDetails-2720", "type": "Pool Competition", "place": "Bsfz Südstadt", "city": "Maria Enzersdorf / Vienna, Austria", "startdate": "2020-10-24", "enddate": "2020-10-25", "status": "Register Now", "statusurl": "EventRegistration-358"}
{"name": "AIDA Tribute to Carla", "url": "https://events.aidainternational.org/EventDetails-2734", "type": "Depth Competition", "place": "Odysseia Hotel", "city": "Limassol, Cyprus", "startdate": "2020-09-19", "enddate": "2020-09-27", "status": "Register Now", "statusurl": "EventRegistration-376"}
{"name": "AIDA 14th Serbian Open Freediving Championships Belgrade 2020", "url": "https://events.aidainternational.org/EventDetails-2652", "type": "Pool Competition", "place": "Srpc Milan Gale Muškatirović", "city": "Belgrade, Serbia", "startdate": "2020-03-07", "enddate": "2020-03-07", "status": "Registration Closed", "statusurl": "EventRegistration-301"}
{"name": "AIDA 8th Tyrolean Apnea Cup", "url": "https://events.aidainternational.org/EventDetails-2514", "type": "Pool Competition", "place": "Universitäts Sport Institut Innsbruck / Austria", "city": "Innsbruck, Austria", "startdate": "2020-02-23", "enddate": "2020-02-23", "status": "Registration Closed", "statusurl": "EventRegistration-179"}
{"name": "AIDA Riga Freediving Cup 2020", "url": "https://events.aidainternational.org/EventDetails-2660", "type": "Pool Competition", "place": "Keizarmezs Sport Center, Rtu Kipsalas Swimming Pool", "city": "Riga, Latvia", "startdate": "2020-02-07", "enddate": "2020-02-09", "status": "Registration Closed", "statusurl": "EventRegistration-309"}
{"name": "AIDA Xth Silesia Freediving Pool Competition", "url": "https://events.aidainternational.org/EventDetails-2617", "type": "Pool Competition", "place": "Kryta Pływalnia Mosir", "city": "Rybnik, Poland", "startdate": "2019-12-06", "enddate": "2019-12-07", "status": "Registration Closed", "statusurl": "EventRegistration-283"}
{"name": "AIDA Höstapneiaden 2019", "url": "https://events.aidainternational.org/EventDetails-2574", "type": "Pool Competition", "place": "Valhallabadet", "city": "Göteborg, Sweden", "startdate": "2019-11-29", "enddate": "2019-12-01", "status": "Registration Closed", "statusurl": "EventRegistration-245"}
{"name": "AIDA BELARUS FREEDIVING CUP 2019", "url": "https://events.aidainternational.org/EventDetails-2545", "type": "Pool Competition", "place": "The Pool Of Physical Education University", "city": "Minsk, Belarus", "startdate": "2019-11-23", "enddate": "2019-11-24", "status": "Registration Closed", "statusurl": "EventRegistration-215"}
{"name": "AIDA Blue Element 2019", "url": "https://events.aidainternational.org/EventDetails-2566", "type": "Depth Competition", "place": "Soufriere Bay", "city": "Soufriere, United Kingdom", "startdate": "2019-11-20", "enddate": "2019-11-28", "status": "Registration Closed", "statusurl": "EventRegistration-265"}
{"name": "AIDA OceanQuest Curaçao", "url": "https://events.aidainternational.org/EventDetails-2578", "type": "Depth Competition", "place": "Oceanquest Curaçao", "city": "Curacao, Netherlands", "startdate": "2019-10-14", "enddate": "2019-10-20", "status": "Registration Closed", "statusurl": "EventRegistration-255"}
{"name": "Hydro Dynamic 2019", "url": "https://events.aidainternational.org/EventDetails-2397", "type": "Pool Competition", "place": "Bsfz Südstadt", "city": "Maria Enzersdorf / Vienna, Austria", "startdate": "2019-10-13", "enddate": "2019-10-14", "status": "Registration Closed", "statusurl": "EventRegistration-114"}
{"name": "Infinity Depth Games 5", "url": "https://events.aidainternational.org/EventDetails-2274", "type": "Depth Competition", "place": "Psarolimano Marina", "city": "Larnaca, Cyprus", "startdate": "2019-10-11", "enddate": "2019-10-20", "status": "Registration Closed", "statusurl": "EventRegistration-63"}
{"name": "AIDA AIDA Cyprus Depth Games 2019.", "url": "https://events.aidainternational.org/EventDetails-2533", "type": "Depth Competition", "place": "Limassol Bay", "city": "Limassol, Cyprus", "startdate": "2019-10-06", "enddate": "2019-10-06", "status": "Registration Closed", "statusurl": "EventRegistration-224"}
{"name": "Authentic Big Blue 2019", "url": "https://events.aidainternational.org/EventDetails-2390", "type": "Depth Competition", "place": "Amorgos", "city": "Amorgos, Greece", "startdate": "2019-09-23", "enddate": "2019-09-28", "status": "Registration Closed", "statusurl": "EventRegistration-247"}
{"name": "AIDA Apnea Association of Singapore  Depth Competition Bali 2019", "url": "https://events.aidainternational.org/EventDetails-2492", "type": "Depth Competition", "place": "Apnea Bali", "city": "Tulamben, Indonesia", "startdate": "2019-09-16", "enddate": "2019-09-19", "status": "Registration Closed", "statusurl": "EventRegistration-181"}
{"name": "AIDA Depth World Championship 2019", "url": "https://events.aidainternational.org/EventDetails-2272", "type": "World Championship", "place": "Villefranche Sur Mer", "city": "Villefranche Sur Mer, France", "startdate": "2019-09-07", "enddate": "2019-09-15", "status": "Registration Closed", "statusurl": "EventRegistration-52"}
{"name": "AIDA Caribbean Cup 2019", "url": "https://events.aidainternational.org/EventDetails-2539", "type": "Depth Competition", "place": "-", "city": "Roatan, Honduras", "startdate": "2019-08-02", "enddate": "2019-08-05", "status": "Registration Closed", "statusurl": "EventRegistration-205"}
{"name": "Cyprus Depth Games 2019.", "url": "https://events.aidainternational.org/EventDetails-2369", "type": "Depth Competition", "place": "Limassol Bay", "city": "Limassol, Cyprus", "startdate": "2019-07-25", "enddate": "2019-07-28", "status": "Registration Closed", "statusurl": "EventRegistration-88"}
{"name": "AIDA Swiss Indoors Montreux 19.5.2019", "url": "https://events.aidainternational.org/EventDetails-2508", "type": "Pool Competition", "place": "Check Event 18.5.2019", "city": "Montreux, Switzerland", "startdate": "2019-07-17", "enddate": "2019-07-17", "status": "Registration Closed", "statusurl": "EventRegistration-176"}
{"name": "AIDA Calm Zone Classic 2019", "url": "https://events.aidainternational.org/EventDetails-2465", "type": "Depth Competition", "place": "Freediving Club Greece", "city": "Kalamata, Greece", "startdate": "2019-07-14", "enddate": "2019-07-20", "status": "Registration Closed", "statusurl": "EventRegistration-140"}
{"name": "AIDA CWT World record attempt", "url": "https://events.aidainternational.org/EventDetails-2439", "type": "Worldrecord attempt", "place": "Freedivingworld", "city": "Sharm El Sheick, Egypt", "startdate": "2019-06-22", "enddate": "2019-06-30", "status": "Registration Closed", "statusurl": "EventRegistration-389"}
{"name": "NICE ABYSS CONTEST 2019", "url": "https://events.aidainternational.org/EventDetails-2426", "type": "Depth Competition", "place": "Cipa", "city": "Nice, France", "startdate": "2019-06-22", "enddate": "2019-06-23", "status": "Registration Closed", "statusurl": "EventRegistration-92"}
{"name": "XVI Polish Freediving Pool Championships", "url": "https://events.aidainternational.org/EventDetails-2414", "type": "Pool Competition", "place": "Floating Arena", "city": "Szczecin, Poland", "startdate": "2019-06-21", "enddate": "2019-06-23", "status": "Registration Closed", "statusurl": "EventRegistration-129"}
{"name": "Asian Freediving Cup 2019", "url": "https://events.aidainternational.org/EventDetails-2297", "type": "Depth Competition", "place": "Freedive Panglao", "city": "Panglao, Philippines", "startdate": "2019-06-09", "enddate": "2019-06-11", "status": "", "statusurl": ""}
{"name": "Ukrainian Freediving Championship 2019", "url": "https://events.aidainternational.org/EventDetails-2307", "type": "Pool Competition", "place": "Pool", "city": "Odessa, Ukraine", "startdate": "2019-05-25", "enddate": "2019-05-26", "status": "Registration Closed", "statusurl": "EventRegistration-39"}
{"name": "AIDA Czech National Championship 2019", "url": "https://events.aidainternational.org/EventDetails-2415", "type": "Pool Competition", "place": "Swimming Pool Ceske Budejovice", "city": "Ceske Budejovice, Czech Republic", "startdate": "2019-05-25", "enddate": "2019-05-25", "status": "Registration Closed", "statusurl": "EventRegistration-98"}
{"name": "Russian Open depth Championship 2019", "url": "https://events.aidainternational.org/EventDetails-2353", "type": "Depth Competition", "place": "Sharm El Sheikh", "city": "Sharm El Sheikh, Egypt", "startdate": "2019-05-20", "enddate": "2019-05-23", "status": "Registration Closed", "statusurl": "EventRegistration-53"}
{"name": "Swiss Indoors Montreux 18-19.05.2019", "url": "https://events.aidainternational.org/EventDetails-2303", "type": "Pool Competition", "place": "Piscine De La Maladaire", "city": "1815 Clarens, Switzerland", "startdate": "2019-05-18", "enddate": "2019-05-19", "status": "", "statusurl": ""}
{"name": "Xibalba 2019", "url": "https://events.aidainternational.org/EventDetails-2273", "type": "Depth Competition", "place": "Cenote Ucil", "city": "Yucatan, Mexico", "startdate": "2019-04-23", "enddate": "2019-04-28", "status": "", "statusurl": ""}
{"name": "2019 Singapore Open Pool Competition", "url": "https://events.aidainternational.org/EventDetails-2354", "type": "Pool Competition", "place": "Singapore Sports School", "city": "Singapore, Singapore", "startdate": "2019-04-15", "enddate": "2019-04-15", "status": "", "statusurl": ""}
{"name": "Aγωνας Στατικης & Δυναμικης απνοιας εις μνημην Θαναση Μακαρωνα", "url": "https://events.aidainternational.org/EventDetails-2385", "type": "Pool Competition", "place": "Pagritio Stadium", "city": "Heraklion, Greece", "startdate": "2019-04-14", "enddate": "2019-04-14", "status": "", "statusurl": ""}
{"name": "6th Burgebracher Kelch", "url": "https://events.aidainternational.org/EventDetails-2279", "type": "Pool Competition", "place": "Burgebrach", "city": "Burgebrach, Germany", "startdate": "2019-04-13", "enddate": "2019-04-13", "status": "", "statusurl": ""}
{"name": "Russian Open pool Championship 2019 in honor of Natalia Molchanova", "url": "https://events.aidainternational.org/EventDetails-2337", "type": "Pool Competition", "place": "Rgufk Pool", "city": "Moscow, Russian Federation", "startdate": "2019-03-07", "enddate": "2019-03-11", "status": "Registration Closed", "statusurl": "EventRegistration-47"}
{"name": "Indoor spring apneacup III 2019", "url": "https://events.aidainternational.org/EventDetails-2302", "type": "Pool Competition", "place": "Centre Sportiv De Grand-Vennes", "city": "Lausanne, Switzerland", "startdate": "2019-03-03", "enddate": "2019-03-03", "status": "", "statusurl": ""}
{"name": "7th Tyrolean Apnea Cup", "url": "https://events.aidainternational.org/EventDetails-2088", "type": "Pool Competition", "place": "Universitäts Sport Institut", "city": "Innsbruck, Austria", "startdate": "2019-02-24", "enddate": "2019-02-24", "status": "", "statusurl": ""}
{"name": "13th Serbian Open Freediving Championship - Belgrade 2019", "url": "https://events.aidainternational.org/EventDetails-2300", "type": "Pool Competition", "place": "Srpc. Milan Gale Muskatriovic", "city": "Belgrade, Serbia", "startdate": "2019-02-23", "enddate": "2019-02-23", "status": "", "statusurl": ""}
{"name": "Riga Freediving Cup 2019 AIDA", "url": "https://events.aidainternational.org/EventDetails-2294", "type": "Pool Competition", "place": "Keizarmezs Sport Center", "city": "Riga, Latvia", "startdate": "2019-02-09", "enddate": "2019-02-11", "status": "", "statusurl": ""}
{"name": "Thessaloniki Mini Comp 2018", "url": "https://events.aidainternational.org/EventDetails-2295", "type": "Pool Competition", "place": "Pool Sport Centre- Thessaloniki", "city": "Thessaloniki, Greece", "startdate": "2018-12-15", "enddate": "2018-12-16", "status": "", "statusurl": ""}
{"name": "XI Barbórkowy Puchar Śląska we Freediving | IX Silesia Freediving Pool Cup", "url": "https://events.aidainternational.org/EventDetails-2232", "type": "Pool Competition", "place": "Pływalnia Kryta Mosir", "city": "Rybnik, Poland", "startdate": "2018-12-07", "enddate": "2018-12-08", "status": "", "statusurl": ""}
{"name": "Kiev Freediving Cup 2018", "url": "https://events.aidainternational.org/EventDetails-2255", "type": "Pool Competition", "place": "Pool \"Olympic\" 25m , Pool \"Kupava\" 50m", "city": "Kyiv, Ukraine", "startdate": "2018-11-24", "enddate": "2018-11-25", "status": "", "statusurl": ""}
{"name": "Blue Element 2018", "url": "https://events.aidainternational.org/EventDetails-2254", "type": "Depth Competition", "place": "Soufriere Bay", "city": "Soufriere, Dominica", "startdate": "2018-11-23", "enddate": "2018-11-30", "status": "", "statusurl": ""}
{"name": "BELARUS FREEDIVING CUP 2018", "url": "https://events.aidainternational.org/EventDetails-2230", "type": "Pool Competition", "place": "The Pool Of Physical Education University", "city": "Minsk, Belarus", "startdate": "2018-11-17", "enddate": "2018-11-18", "status": "", "statusurl": ""}
{"name": "Red C cup (12th edition)", "url": "https://events.aidainternational.org/EventDetails-2158", "type": "Mixed Competition", "place": "Aqua Marina", "city": "Dahab, Egypt", "startdate": "2018-10-22", "enddate": "2018-10-25", "status": "", "statusurl": ""}
{"name": "Apnea Association of Singapore Depth Championship 2018", "url": "https://events.aidainternational.org/EventDetails-2134", "type": "Depth Competition", "place": "Apnea Bali", "city": "Tulamben , Indonesia", "startdate": "2018-09-20", "enddate": "2018-09-23", "status": "", "statusurl": ""}
{"name": "Molchanova Grand Prix", "url": "https://events.aidainternational.org/EventDetails-2213", "type": "Depth Competition", "place": "Ses Margalides (Cwt); Es Vedra (Cnf)", "city": "Ibiza, Spain", "startdate": "2018-09-18", "enddate": "2018-09-23", "status": "", "statusurl": ""}
{"name": "Authentic Big Blue 2018", "url": "https://events.aidainternational.org/EventDetails-2042", "type": "Depth Competition", "place": "Agia Anna", "city": "Amorgos, Greece", "startdate": "2018-09-16", "enddate": "2018-09-20", "status": "", "statusurl": ""}
{"name": "Red C cup (11th Edition)", "url": "https://events.aidainternational.org/EventDetails-2153", "type": "Mixed Competition", "place": "Aqua Marina", "city": "Dahab, Egypt", "startdate": "2018-08-27", "enddate": "2018-08-30", "status": "", "statusurl": ""}
{"name": "Vertical Blue", "url": "https://events.aidainternational.org/EventDetails-2117", "type": "Depth Competition", "place": "Dean'S Blue Hole", "city": "Long Island, Bahamas", "startdate": "2018-07-16", "enddate": "2018-07-26", "status": "", "statusurl": ""}
{"name": "Individual AIDA Pool World Championships Belgrade 2018", "url": "https://events.aidainternational.org/EventDetails-2092", "type": "World Championship", "place": "Sportski Centar Milan Gale Muskatirovic", "city": "Belgrade, Serbia", "startdate": "2018-06-23", "enddate": "2018-06-30", "status": "", "statusurl": ""}
{"name": "Nice Abyss Contest 2018", "url": "https://events.aidainternational.org/EventDetails-2059", "type": "Depth Competition", "place": "Base Nautique L'Aigle Nautique", "city": "Nice, France", "startdate": "2018-06-23", "enddate": "2018-06-24", "status": "", "statusurl": ""}
{"name": "AIDA Czech National Championship 2018", "url": "https://events.aidainternational.org/EventDetails-2038", "type": "Pool Competition", "place": "Aquacentrum Pardubice", "city": "Pardubice, Czech Republic", "startdate": "2018-05-19", "enddate": "2018-05-20", "status": "", "statusurl": ""}
{"name": "Deja Blue 9", "url": "https://events.aidainternational.org/EventDetails-2065", "type": "Mixed Competition", "place": "Deja Blue 9", "city": "Grand Cayman, Cayman Islands", "startdate": "2018-05-06", "enddate": "2018-05-13", "status": "", "statusurl": ""}
{"name": "VWT World Record Attempt DejaBLue 2018 - Carol Schrappe", "url": "https://events.aidainternational.org/EventDetails-2746", "type": "Worldrecord attempt", "place": "Grand Caymans", "city": "Grand Caymans, Cayman Islands", "startdate": "2018-05-06", "enddate": "2018-05-13", "status": "Register Now", "statusurl": "EventRegistration-391"}
{"name": "Indoor spring apneacup Lausanne II / Swiss Championship 2018", "url": "https://events.aidainternational.org/EventDetails-2055", "type": "Pool Competition", "place": "", "city": ",", "startdate": "2018-05-06", "enddate": "2018-05-07", "status": "", "statusurl": ""}
{"name": "NIRVANA OCEANQUEST DEPTH CONTEST 2018", "url": "https://events.aidainternational.org/EventDetails-2045", "type": "Depth Competition", "place": "Nirvana Oceanquest", "city": "San Andres, Colombia", "startdate": "2018-05-03", "enddate": "2018-05-04", "status": "", "statusurl": ""}
{"name": "5ter Burgebracher Kelch, Deutsche und Bayerische Meisterschaft", "url": "https://events.aidainternational.org/EventDetails-2030", "type": "Pool Competition", "place": "Burgebrach", "city": "Burgebrach, Germany", "startdate": "2018-04-28", "enddate": "2018-04-30", "status": "", "statusurl": ""}
{"name": "Free2b pool competition", "url": "https://events.aidainternational.org/EventDetails-2046", "type": "Pool Competition", "place": "Wingate Institute", "city": "Netanya, Israel", "startdate": "2018-04-20", "enddate": "2018-04-21", "status": "", "statusurl": ""}
{"name": "Pan Pacific Championship 2018", "url": "https://events.aidainternational.org/EventDetails-2073", "type": "Pool Competition", "place": "Chiba International General Swimming Center", "city": "Chiba, Japan", "startdate": "2018-03-21", "enddate": "2018-03-24", "status": "", "statusurl": ""}
{"name": "AIDA Romania Pool Championship 2018", "url": "https://events.aidainternational.org/EventDetails-2048", "type": "Pool Competition", "place": "Paradisul Acvatic", "city": "Brasov, Romania", "startdate": "2018-03-09", "enddate": "2018-03-11", "status": "", "statusurl": ""}
{"name": "6th Tyrolean Apnea Cup", "url": "https://events.aidainternational.org/EventDetails-256", "type": "Pool Competition", "place": "Alpnoe.Org, Aida Austria", "city": "Innsbruck, Austria", "startdate": "2018-02-25", "enddate": "2018-02-26", "status": "", "statusurl": ""}
{"name": "12th Open Freediving Championship  - Belgrade 2018", "url": "https://events.aidainternational.org/EventDetails-2025", "type": "Pool Competition", "place": "Src \"Milan Gale Muškatirović\"", "city": "Belgrade, Serbia", "startdate": "2018-02-24", "enddate": "2018-02-25", "status": "", "statusurl": ""}
{"name": "RIGA FREEDIVING CUP 2018 WR status", "url": "https://events.aidainternational.org/EventDetails-2018", "type": "Pool Competition", "place": "Kezarmezs Sport And Hotel Center", "city": "Riga, Latvia", "startdate": "2018-02-10", "enddate": "2018-02-11", "status": "", "statusurl": ""}
{"name": "VIII Barbórkowy Puchar Śląska we Freedivingu | VIII Silesia Freediving Pool Cup", "url": "https://events.aidainternational.org/EventDetails-1999", "type": "Pool Competition", "place": "Pływalnia Kryta Mosir", "city": "Rybnik, Poland", "startdate": "2017-12-01", "enddate": "2017-12-02", "status": "", "statusurl": ""}
{"name": "Kyiv Freediving Cup 2017", "url": "https://events.aidainternational.org/EventDetails-2003", "type": "Pool Competition", "place": "Pool", "city": "Kiev, Ukraine", "startdate": "2017-11-25", "enddate": "2017-11-27", "status": "", "statusurl": ""}
{"name": "DYN WR Attempt Kyiv", "url": "https://events.aidainternational.org/EventDetails-1973", "type": "Worldrecord attempt", "place": "Pool \"Kupava\"", "city": "Kyiv, Ukraine", "startdate": "2017-10-18", "enddate": "2017-10-20", "status": "", "statusurl": ""}
{"name": "ID: Apnea Competition 2017", "url": "https://events.aidainternational.org/EventDetails-1956", "type": "Pool Competition", "place": "Sekolah Pelita Harapan - Lippo Karawaci", "city": "Tangerang, Indonesia", "startdate": "2017-10-13", "enddate": "2017-10-16", "status": "", "statusurl": ""}
{"name": "DeepSea Challenge - Carol Schrappe", "url": "https://events.aidainternational.org/EventDetails-1912", "type": "Worldrecord attempt", "place": "", "city": ",", "startdate": "2017-09-20", "enddate": "2017-09-23", "status": "", "statusurl": ""}
{"name": "Authentic Big Blue", "url": "https://events.aidainternational.org/EventDetails-242", "type": "Depth Competition", "place": "Amorgos Island", "city": "Amorgos, Greece", "startdate": "2017-09-18", "enddate": "2017-09-24", "status": "", "statusurl": ""}
{"name": "BONAIRE DEEPSEA CHALLENGE 2017", "url": "https://events.aidainternational.org/EventDetails-283", "type": "Mixed Competition", "place": "", "city": ",", "startdate": "2017-09-15", "enddate": "2017-09-21", "status": "", "statusurl": ""}
{"name": "AIDA World Depth Championship 2017", "url": "https://events.aidainternational.org/EventDetails-1955", "type": "World Championship", "place": "Roatan", "city": "Roatan, Honduras", "startdate": "2017-08-22", "enddate": "2017-08-30", "status": "", "statusurl": ""}
{"name": "Famele Variable World Record Attempt", "url": "https://events.aidainternational.org/EventDetails-1944", "type": "Worldrecord attempt", "place": "Freediving World Apnea Center", "city": "Sharm El Sheikh, Egypt", "startdate": "2017-08-21", "enddate": "2017-08-29", "status": "", "statusurl": ""}
{"name": "Caribbean Cup 2017", "url": "https://events.aidainternational.org/EventDetails-1954", "type": "Depth Competition", "place": "Roatan", "city": "Roatan, Honduras", "startdate": "2017-08-19", "enddate": "2017-08-22", "status": "", "statusurl": ""}
{"name": "DYN World Record Attempt by Giorgos Panagiotakis", "url": "https://events.aidainternational.org/EventDetails-1931", "type": "Worldrecord attempt", "place": "Src Mgm", "city": "Belgrade, Serbia", "startdate": "2017-08-01", "enddate": "2017-08-02", "status": "", "statusurl": ""}
{"name": "Nice Abyss Contest 2017", "url": "https://events.aidainternational.org/EventDetails-199", "type": "Depth Competition", "place": "Nice", "city": "Nice, France", "startdate": "2017-07-20", "enddate": "2017-07-21", "status": "", "statusurl": ""}
{"name": "XIV Polish Freediving Pool Championships | XIV Basenowe Mistrzostwa Polski we Freedivingu", "url": "https://events.aidainternational.org/EventDetails-1889", "type": "Pool Competition", "place": "Wodna Nuta", "city": "Opole, Poland", "startdate": "2017-06-30", "enddate": "2017-07-01", "status": "", "statusurl": ""}
{"name": "Indoor spring apnea cup Lausanne 2017", "url": "https://events.aidainternational.org/EventDetails-234", "type": "Pool Competition", "place": "", "city": ",", "startdate": "2017-06-11", "enddate": "2017-06-12", "status": "", "statusurl": ""}
{"name": "Deja Blue 8", "url": "https://events.aidainternational.org/EventDetails-247", "type": "Mixed Competition", "place": "Deja Blue", "city": "Grand Cayman, Cayman Islands", "startdate": "2017-05-14", "enddate": "2017-05-21", "status": "", "statusurl": ""}
{"name": "Vertical Blue 2017", "url": "https://events.aidainternational.org/EventDetails-1884", "type": "Depth Competition", "place": "Dean'S Blue Hole", "city": "Long Island, Bahamas", "startdate": "2017-04-30", "enddate": "2017-05-01", "status": "", "statusurl": ""}
{"name": "4ter Burgebracher Kelch", "url": "https://events.aidainternational.org/EventDetails-191", "type": "Pool Competition", "place": "Burgebrach", "city": "Burgebrach, 96138, Germany", "startdate": "2017-04-29", "enddate": "2017-04-30", "status": "", "statusurl": ""}
{"name": "NIRVANA - INNERSEA DEPTH CONTEST", "url": "https://events.aidainternational.org/EventDetails-215", "type": "Depth Competition", "place": "Nirvana - Innersea Depth Contest", "city": "San Andres, Colombia", "startdate": "2017-04-14", "enddate": "2017-04-20", "status": "", "statusurl": ""}
{"name": "13. Submania Apnea Cup", "url": "https://events.aidainternational.org/EventDetails-249", "type": "Pool Competition", "place": "Swimming Pool Utrina", "city": "Zagreb, Croatia", "startdate": "2017-04-07", "enddate": "2017-04-09", "status": "", "statusurl": ""}
{"name": "APNEA CLUB GENÈVE CHALLENGE 2017", "url": "https://events.aidainternational.org/EventDetails-205", "type": "Pool Competition", "place": "", "city": ",", "startdate": "2017-02-04", "enddate": "2017-02-05", "status": "", "statusurl": ""}
{"name": "Barbórkowy Puchar Śląska we Freedivingu 2016 | The Silesia Freediving Pool Cup 2016", "url": "https://events.aidainternational.org/EventDetails-45", "type": "Pool Competition", "place": "Mosir Pool Rybnik", "city": "Rybnik, Poland", "startdate": "2016-12-02", "enddate": "2016-12-04", "status": "", "statusurl": ""}
{"name": "Hydro Dynamic 2016 by SALVIMAR", "url": "https://events.aidainternational.org/EventDetails-30", "type": "Pool Competition", "place": "Bsfz Südstadt", "city": "Maria Enzersdorf / Vienna, Austria", "startdate": "2016-10-29", "enddate": "2016-10-29", "status": "", "statusurl": ""}
{"name": "Team World Championship", "url": "https://events.aidainternational.org/EventDetails-48", "type": "World Championship", "place": "Elite Resort Hotel", "city": "Kalamata, Greece", "startdate": "2016-09-16", "enddate": "2016-09-25", "status": "", "statusurl": ""}
{"name": "BONAIRE DEEPSEA CHALLENGE", "url": "https://events.aidainternational.org/EventDetails-65", "type": "Mixed Competition", "place": "", "city": ",", "startdate": "2016-09-04", "enddate": "2016-09-11", "status": "", "statusurl": ""}
{"name": "Pool World Championships 2016", "url": "https://events.aidainternational.org/EventDetails-156", "type": "World Championship", "place": "Na", "city": "Turku, Finland", "startdate": "2016-06-27", "enddate": "2016-07-01", "status": "", "statusurl": ""}
{"name": "Championat Suisse 2016 Lausanne", "url": "https://events.aidainternational.org/EventDetails-252", "type": "Pool Competition", "place": "", "city": ",", "startdate": "2016-06-05", "enddate": "2016-06-06", "status": "", "statusurl": ""}
{"name": "The XIII Polish Feediving Pool Championships", "url": "https://events.aidainternational.org/EventDetails-219", "type": "Pool Competition", "place": "Aqua Lublin", "city": "Lublin, Poland", "startdate": "2016-05-27", "enddate": "2016-05-28", "status": "", "statusurl": ""}
{"name": "Caribbean Cup 2016", "url": "https://events.aidainternational.org/EventDetails-95", "type": "Depth Competition", "place": "N/A", "city": "N/A, Honduras", "startdate": "2016-05-26", "enddate": "2016-06-01", "status": "", "statusurl": ""}
{"name": "5th Thessaloniki Inter Apnea Games", "url": "https://events.aidainternational.org/EventDetails-332", "type": "Competition", "place": "", "city": ",", "startdate": "2016-05-22", "enddate": "2016-05-22", "status": "", "statusurl": ""}
{"name": "Vertical Blue 2016", "url": "https://events.aidainternational.org/EventDetails-82", "type": "Mixed Competition", "place": "Dean'S Blue Hole", "city": "Long Island, Bahamas", "startdate": "2016-04-22", "enddate": "2016-05-03", "status": "", "statusurl": ""}
{"name": "Carlos Coste WRA CWT 2002", "url": "https://events.aidainternational.org/EventDetails-2766", "type": "Worldrecord attempt", "place": "Puerto Cruz - Edo Vargas", "city": "Puerto Cruz - Edo Vargas, Venezuela", "startdate": "2002-10-06", "enddate": "2002-10-06", "status": "Registration Closed", "statusurl": "EventRegistration-435"}
